,time_step,data_memory,samples,layers,epochs,batch_size,training_loss,val_loss,test_loss
0,1,5,11,"D32, GRU16, D1",10,10,0.11687088012695312,0.2749529778957367,0.15296519
0,1,5,11,"D32, GRU32, D1",10,10,0.11423353105783463,0.20754052698612213,0.14394695
0,1,5,11,"D32, GRU32, D1",10,10,0.11237221956253052,0.18989819288253784,0.14227125
0,1,5,11,"D32, GRU32, D1",10,10,0.11657841503620148,0.17239023745059967,0.15224937
0,1,5,11,"D32, GRU32, D1",10,10,0.11215977370738983,0.19502712786197662,0.15487728
0,1,5,11,"D32, GRU32, D1",10,10,0.11158477514982224,0.21351057291030884,0.14179416
0,1,5,11,"D32, GRU32, D1",10,10,,,
0,1,5,11,"D32, GRU32, D1",10,10,,,
0,1,5,11,"D32, GRU32, D1",10,10,0.11011586338281631,0.18484975397586823,0.14291646
0,1,5,11,"D32, GRU32, D1",10,10,0.11772498488426208,0.2953234612941742,0.15439868
0,1,5,11,"D32, GRU32, D1",10,1,0.10529052466154099,0.1578252762556076,0.15241843
0,1,5,11,"D32, GRU32, D1",20,5,0.10010157525539398,0.16368892788887024,0.14847465
0,1,5,11,"D32, GRU32, D1",20,1,0.0904269739985466,0.1451757252216339,0.1614239
0,1,5,11,"D32, GRU32, GRU32 D1",10,10,0.1137203574180603,0.2331494688987732,0.15071721
0,1,5,11,"D32, GRU32, GRU32 D1",10,10,0.12907803058624268,0.2530980706214905,0.15072602
0,1,5,11,"D32, GRU32, GRU32 D1",10,10,0.1148327887058258,0.2544768452644348,0.14379208
0,1,5,11,"D32, GRU32, GRU32 D1",10,10,0.1174994558095932,0.21750693023204803,0.14709131
0,1,5,11,"D32, GRU32, GRU32 D1",10,10,0.12287971377372742,0.18136706948280334,0.14565831
0,1,5,11,"D32, GRU32, GRU32 D1",10,10,0.1323377788066864,0.2648758292198181,0.14645463
0,1,5,11,"D32, GRU32, GRU32 D1",10,10,0.11480418592691422,0.19127243757247925,0.1438629
0,1,5,11,"D32, GRU32, GRU32 D1",10,10,0.1136651262640953,0.1456078141927719,0.17054464
0,1,5,11,"D32, GRU32, GRU32 D1",10,10,0.13100339472293854,0.1775728166103363,0.13167146
0,1,5,11,"D32, GRU32, GRU32 D1",10,10,0.12638281285762787,0.18203683197498322,0.14539236
0,1,5,11,"D32, GRU32, GRU32 D1",10,10,0.13322913646697998,0.21375463902950287,0.14558804
0,1,5,11,"D32, GRU32, GRU32 D1",10,10,0.13084249198436737,0.1801331639289856,0.14352198
0,1,5,11,"D32, GRU32, GRU32 D1",10,10,0.12510806322097778,0.21349845826625824,0.1465294
0,1,5,11,"D32, GRU32, GRU32 D1",10,10,0.11340280622243881,0.2566661536693573,0.14419435
0,1,5,11,"D32, GRU32, GRU32 D1",10,10,0.12212351709604263,0.18948735296726227,0.1466439
0,1,5,11,"D32, GRU32, GRU32 D1",10,10,0.14094562828540802,0.26898765563964844,0.15858206
0,1,5,11,"D32, GRU32, GRU32 D1",10,10,0.1285848468542099,0.2544707953929901,0.14682871
0,1,5,11,"D32, GRU32, GRU32 D1",10,10,0.13312683999538422,0.1808951050043106,0.15409806
0,1,5,11,"D32, GRU32, GRU32 D1",10,10,0.1322755664587021,0.21318386495113373,0.1772155
0,1,5,11,"D32, GRU32, GRU32 D1",10,10,0.12613610923290253,0.16289924085140228,0.13509503
0,1,5,11,"D32, GRU32, GRU32 D1",10,10,0.1230817660689354,0.14441856741905212,0.1553459
0,1,5,11,"D32, GRU32, GRU32 D1",10,10,0.12489579617977142,0.19289927184581757,0.13687909
0,1,5,11,"D32, GRU32, GRU32 D1",10,10,0.12748748064041138,0.1218114122748375,0.22771716
0,1,5,11,"D32, GRU32, GRU32 D1",10,10,0.124236561357975,0.14953690767288208,0.15314505
0,1,5,11,"D32, GRU32, GRU32 D1",10,10,0.1174677312374115,0.2733776867389679,0.14660238
0,1,5,11,"D32, GRU32, GRU32 D1",10,10,0.11202285438776016,0.22259925305843353,0.1401956
0,1,5,11,"D32, GRU32, GRU32 D1",10,10,0.11473996192216873,0.16871105134487152,0.1526507
0,1,5,11,"D32, GRU32, GRU32 D1",10,10,0.11896908283233643,0.1689903438091278,0.14871298
0,1,5,11,"D32, GRU32, GRU32 D1",10,10,777.5987548828125,412.09619140625,150.01242
0,1,5,11,"D32, GRU32, GRU32 D1",10,10,13109.658203125,20550.7890625,14660.49
0,1,5,11,"D32, GRU32, GRU32 D1",10,10,772.6030883789062,161.98880004882812,83.08552
0,1,5,11,"D32, GRU32, GRU32 D1",10,10,348.46002197265625,264.1897277832031,104.580444
0,1,5,11,"D32, GRU32, GRU32 D1",10,10,13108.626953125,20553.951171875,14663.119
0,1,5,11,"D32, GRU32, GRU32 D1",10,10,0.11385049670934677,0.18991442024707794,0.14082436
0,1,5,11,"D32, GRU32, GRU32 D1",10,10,0.12361138314008713,0.12381264567375183,0.18064685
0,1,5,11,"D32, GRU32, GRU32 D1",10,10,0.44297435879707336,1.5036823749542236,0.53971267
0,1,5,11,"D32, GRU32, GRU32 D1",10,10,0.35475847125053406,1.1283239126205444,0.40323365
0,1,5,11,"D32, GRU32, GRU32 D1",10,10,0.12142853438854218,0.16208761930465698,0.14624812
0,1,5,11,"D32, GRU32, GRU32 D1",10,10,0.12351825833320618,0.1758183091878891,0.14877401
0,1,5,11,"D32, GRU32, GRU32 D1",10,10,0.11498726904392242,0.15416346490383148,0.14785485
0,1,5,11,"D32, GRU32, GRU32 D1",10,10,0.5037727355957031,0.7947977185249329,1.0006391
0,1,5,11,"D32, GRU32, GRU32 D1",10,10,0.514448344707489,0.9038417935371399,1.0503906
0,1,5,11,"D32, GRU32, GRU32 D1",10,10,0.11815675348043442,0.14411507546901703,0.16329046
0,1,5,11,"D32, GRU32, GRU32 D1",10,10,,,
0,1,5,11,"D32, GRU32, GRU32 D1",10,1,,,
0,1,5,11,"D32, GRU32, GRU32 D1",10,1,,,
0,1,5,11,"D32, GRU32, GRU32 D1",10,1,0.10748917609453201,0.14888519048690796,0.15391354
0,1,5,5,"D32, GRU32, GRU32 D1",10,1,,,
0,1,5,11,"D32, GRU32, GRU32 D1",10,1,0.11012819409370422,0.1325855851173401,0.16871585
0,1,5,11,"D32, GRU32, GRU32 D1",10,1,0.10802152007818222,0.15224581956863403,0.1310867
0,1,5,13,"D32, GRU32, GRU32 D1",10,1,0.5713914632797241,1.5500797033309937,1.9902368
0,1,5,13,"D32, GRU32, GRU32 D1",10,1,0.26360297203063965,1.000814437866211,1.1264676
0,1,5,13,"D32, GRU32, GRU32 D1",10,1,0.08966436237096786,1.0780237913131714,0.8907992
0,1,5,13,"D32, GRU32, GRU32 D1",10,1,0.061601024121046066,0.20064353942871094,0.33139572
0,1,5,13,"D32, GRU32, GRU32 D1",10,1,0.04767971113324165,1.0558265447616577,0.8515626
0,1,5,12,"D32, GRU32, GRU32 D1",10,1,,,
0,1,5,12,"D32, GRU32, GRU32 D1",10,1,,,
0,1,5,12,"D32, GRU32, GRU32 D1",10,1,,,
0,1,5,11,"D32, GRU32, GRU32 D1",10,1,0.11169343441724777,0.18809832632541656,0.14777109
0,1,5,13,"D32, GRU32, GRU32 D1",10,1,0.06737363338470459,1.7968050241470337,1.2747661
0,1,5,13,"D32, GRU32, GRU32 D1",10,1,0.04734533652663231,0.8187179565429688,0.6523104
0,1,5,45,"D32, GRU32, GRU32 D1",10,1,,,
0,1,5,11,"D32, GRU32, GRU32 D1",10,1,0.10940127819776535,0.16241902112960815,0.15335016
0,1,5,13,"D32, GRU32, GRU32 D1",10,1,0.06258445978164673,1.0673552751541138,0.9277886
0,1,5,13,"D32, GRU32, GRU32 D1",10,1,0.03779875487089157,0.3888700008392334,0.5564252
0,1,5,45,"D32, GRU32, GRU32 D1",10,1,,,
0,1,5,13,"D32, GRU32, GRU32 D1",10,1,0.043833982199430466,0.6093816161155701,0.34798464
0,1,5,45,"D32, GRU32, GRU32 D1",10,1,,,
0,1,5,15,"D32, GRU32, GRU32 D1",10,1,0.1330643892288208,0.5283229947090149,0.34052226
0,1,5,15,"D32, GRU32, GRU32 D1",10,1,0.07835522294044495,0.1692890077829361,0.20849347
0,1,5,15,"D32, GRU32, GRU32 D1",10,1,0.030687354505062103,0.11521468311548233,0.18841125
0,1,5,10,"D32, GRU32, GRU32 D1",10,1,0.1011311411857605,0.0849992111325264,0.21715532
0,1,5,15,"D32, GRU32, GRU32 D1",10,1,0.25056004524230957,0.3617466688156128,0.36295822
0,1,5,5,"D32, GRU32, GRU32 D1",10,1,0.20740239322185516,1.1578088998794556,0.48764074
0,1,5,15,"D32, GRU32, GRU32 D1",10,1,0.06375648826360703,0.15424306690692902,0.20645565
0,1,5,15,"D32, GRU32, GRU32 D1",10,1,0.2021494209766388,0.3268998861312866,0.27800342
0,1,5,15,"D32, GRU32, GRU32 D1",10,1,0.0169964749366045,0.008226546458899975,0.29949918
0,1,5,15,"D32, GRU32, GRU32 D1",10,1,0.05006290599703789,0.023439785465598106,0.18677293
0,1,5,15,"D32, GRU32, GRU32 D1",10,1,1.0871093273162842,0.00824587419629097,7039.127
0,1,5,15,"D32, GRU32, GRU32 D1",20,1,26.95585823059082,0.007387932389974594,3.3087611
0,1,5,15,"D32, GRU32, GRU32 D1",20,1,0.06866123527288437,0.034038178622722626,0.22206335
0,1,5,15,"D32, GRU32, GRU32 D1",20,1,0.06801887601613998,0.12873244285583496,0.20778465
0,1,5,15,"D32, GRU32, GRU32 D1",20,1,0.049143385142087936,0.041831642389297485,0.18243606
0,1,5,15,"D32, GRU32, GRU32 D1",20,1,0.07743523269891739,0.25660544633865356,0.21990237
0,1,5,15,"D32, GRU32, GRU32 D1",20,1,0.04272579029202461,0.0400768518447876,0.18894702
0,1,5,15,"D32, GRU32, GRU32 D1",10,1,0.09347924590110779,0.03159544989466667,0.31132874
0,1,5,15,"D32, GRU32, GRU32 D1",10,1,0.1705848127603531,0.23777325451374054,0.27438134
0,1,5,15,"D32, GRU32, GRU32 D1",10,1,0.11830990016460419,0.6450380682945251,0.32636473
0,1,5,13,"D32, GRU32, GRU32 D1",10,1,0.055413056164979935,0.6082082390785217,0.6628786
0,1,5,11,"D32, GRU32, GRU32 D1",10,1,0.10654046386480331,0.22920364141464233,0.14511798
0,1,5,13,"D32, GRU32, GRU32 D1",10,1,0.05294279754161835,0.825579822063446,0.87455356
0,1,5,13,"D32, GRU32, GRU32 D1",5,1,0.11593306809663773,2.3631417751312256,1.4103605
0,1,5,13,"D32, GRU32, GRU32 D1",20,1,0.1239088699221611,0.8839086890220642,0.44198337
0,1,5,13,"D32, GRU32, GRU32 D1",20,1,1.1493622064590454,0.8890172839164734,3.0932434
0,1,5,13,"D32, GRU32, GRU32 D1",5,1,0.263435423374176,0.3955378830432892,0.6539807
0,1,5,11,"D32, GRU32, GRU32 D1",5,1,,,
0,1,5,45,"D32, GRU32, GRU32 D1",5,1,,,
0,1,5,13,"D32, GRU32, GRU32 D1",5,1,44.778785705566406,0.6564156413078308,1.4862696
0,1,5,13,"D32, GRU32, GRU32 D1",5,1,3.0149807929992676,0.4718209505081177,0.86868805
0,1,5,13,"D32, GRU32, GRU32 D1",5,1,37.587730407714844,0.09299099445343018,4.07249
0,1,5,13,"D32, GRU32, GRU32 D1",5,1,0.06158587709069252,1.4203790426254272,0.906377
0,1,5,11,"D32, GRU32, GRU32 D1",5,1,0.12067464739084244,0.14024339616298676,0.15202577
0,1,5,12,"D32, GRU32, GRU32 D1",5,1,,,
0,1,5,11,"D32, GRU32, GRU32 D1",5,1,0.12654149532318115,0.1330469697713852,0.17882642
0,1,5,5,"D32, GRU32, GRU32 D1",5,1,0.7369764447212219,0.38752418756484985,0.9746616
0,1,5,5,"D32, GRU32, GRU32 D1",5,1,0.2100263386964798,1.3052200078964233,1.3322017
0,1,5,5,"D32, GRU32, GRU32 D1",5,1,0.2308056354522705,1.138710856437683,1.2191379
0,1,5,5,"D32, GRU32, GRU32 D1",2,1,0.18981119990348816,0.9771751165390015,1.1431077
0,1,5,13,"D32, GRU32, GRU32 D1",2,1,0.04464036226272583,0.3461453318595886,1.1669749
0,5,5,13,"D32, GRU32, GRU32 D1",2,1,0.10827986896038055,1.7382402420043945,0.84021366
0,5,5,8,"D32, GRU32, GRU32 D1",2,1,0.4865227937698364,1.3359295129776,1.0253011
0,1,5,8,"D32, GRU32, GRU32 D1",2,1,0.4664035439491272,1.551561713218689,1.0406805
0,1,5,8,"D32, GRU32, GRU32 D1",2,1,0.48044028878211975,1.7572325468063354,1.1523018
0,1,5,8,"D32, GRU32, GRU32 D1",10,1,0.30806925892829895,0.805742084980011,0.61551875
0,1,5,16,"D32, GRU32, GRU32 D1",10,1,,,
0,1,5,16,"D32, GRU32, GRU32 D1",10,1,,,
0,1,5,16,"D32, GRU32, GRU32 D1",10,1,,,
0,1,5,16,"D32, GRU32, GRU32 D1",10,1,,,
0,1,5,16,"D32, GRU32, GRU32 D1",10,1,,,
0,1,5,16,"D32, GRU32, GRU32 D1",10,1,,,
0,1,5,16,"D32, GRU32, GRU32 D1",10,1,,,
0,1,5,16,"D32, GRU32, GRU32 D1",10,1,,,
0,1,5,16,"D32, GRU32, GRU32 D1",10,1,,,
0,1,5,16,"D32, GRU32, GRU32 D1",10,1,,,1000
0,1,5,16,"D32, GRU32, GRU32 D1",10,1,,,1000
0,1,5,16,"D32, GRU32, GRU32 D1",10,1,,,1000
0,1,5,15,"D32, GRU32, GRU32 D1",10,1,0.1417289823293686,0.6463987827301025,1000
0,1,5,15,"D32, GRU32, GRU32 D1",10,1,0.0965186357498169,0.3055475354194641,1000
0,1,5,15,"D32, GRU32, GRU32 D1",10,1,0.21270045638084412,0.7802407145500183,1000
0,1,10,15,"D32, GRU32, GRU32 D1",10,1,0.24462656676769257,0.6343730092048645,1000
0,1,10,15,"D32, GRU32, GRU32 D1",1,1,0.36248448491096497,0.8058103322982788,1000
0,1,10,15,"D32, GRU32, GRU32 D1",2,1,0.3282304108142853,1.0563397407531738,1000
0,1,3,15,"D32, GRU32, GRU32 D1",5,1,0.2499355971813202,0.9449188709259033,1000
0,1,3,15,"D32, GRU32, GRU32 D1",5,1,0.16744284331798553,0.9520183801651001,1000
0,1,3,15,"D32, GRU32, GRU32 D1",5,1,0.32422110438346863,0.9565404057502747,1000
0,1,3,15,"D32, GRU32, GRU32 D1",5,1,0.47516584396362305,0.24038998782634735,1000
0,1,3,16,"D32, GRU32, GRU32 D1",5,1,,,1000
0,1,3,15,"D32, GRU32, GRU32 D1",5,1,0.6617055535316467,0.4677097797393799,1000
0,1,3,26,"D32, GRU32, GRU32 D1",5,1,0.13059961795806885,0.5231163501739502,1000
0,1,3,53,"D32, GRU32, GRU32 D1",5,1,,,1000
0,1,3,52,"D32, GRU32, GRU32 D1",5,1,,,1000
0,1,3,23,"D32, GRU32, GRU32 D1",5,1,0.7871042490005493,0.5037898421287537,1000
0,1,3,23,"D32, GRU32, GRU32 D1",5,1,0.61282879114151,0.5512814521789551,1000
0,1,3,23,"D32, GRU32, GRU32 D1",5,1,0.28278452157974243,0.8562180995941162,1000
0,1,3,23,"D32, GRU32, GRU32 D1",10,1,0.09376582503318787,0.44875940680503845,1000
0,1,3,23,"D32, GRU32, GRU32 D1",20,1,0.061056118458509445,0.2046409249305725,1000
0,1,5,64,"D32, GRU32, GRU32 D1",20,1,,,1000
0,1,5,56,"D32, GRU32, GRU32 D1",20,1,,,1000
0,1,5,56,"D32, GRU32, GRU32 D1",20,1,,,1000
0,1,5,55,"D32, GRU32, GRU32 D1",20,1,,,1000
0,1,5,15,"D32, GRU32, GRU32 D1",20,1,0.0428277924656868,0.11000289022922516,1000
0,1,5,15,"D32, GRU32, GRU32 D1",20,1,0.06361744552850723,0.1937369555234909,1000
0,1,5,15,"D32, GRU32, GRU32 D1",20,1,0.09696453809738159,0.5693197250366211,1000
0,1,5,15,"D32, GRU32, GRU32 D1",20,1,0.028880970552563667,0.2019093632698059,1000
0,1,5,15,"D32, GRU32, GRU32 D1",200,1,0.010060237720608711,0.010110135190188885,1000
0,1,5,15,"D32, GRU32, GRU32 D1",200,1,0.008477982133626938,0.008314000442624092,1000
0,1,5,15,"D32, GRU32, GRU32 D1",10,1,0.14542154967784882,0.5095597505569458,1000
0,1,5,15,"D32, GRU32, GRU32 D1",10,1,0.02179121971130371,0.19387218356132507,1000
0,1,5,25,"D32, GRU32, GRU32 D1",10,1,0.02168443612754345,0.0071216546930372715,1000
0,1,5,23,"D32, GRU32, GRU32 D1",10,1,0.2372397631406784,0.34529709815979004,1000
0,1,5,15,"D32, GRU32, GRU32 D1",10,1,0.06717615574598312,0.20480284094810486,1000
0,1,5,25,"D32, GRU32, GRU32 D1",10,1,0.02872483991086483,0.08892147243022919,1000
0,1,5,23,"D32, GRU32, GRU32 D1",10,1,0.13214588165283203,0.626870334148407,1000
0,1,5,25,"D32, GRU32, GRU32 D1",10,1,0.019261833280324936,0.09851998835802078,1000
0,1,5,25,"D32, GRU32, GRU32 D1",10,1,0.018688064068555832,0.015699315816164017,1000
0,1,5,25,"D32, GRU32, GRU32 D1",10,1,0.014266230165958405,0.032796382904052734,1000
0,1,5,25,"D32, GRU32, GRU32 D1",10,1,0.026419145986437798,0.018534425646066666,1000
0,1,5,15,"D32, GRU32, GRU32 D1",10,1,0.13953104615211487,0.4914884865283966,1000
0,1,5,15,"D32, GRU32, GRU32 D1",10,1,0.14483384788036346,0.6294407248497009,1000
0,1,5,25,"D32, GRU32, GRU32 D1",10,1,0.02981182001531124,0.030321311205625534,1000
0,1,5,25,"D32, GRU32, GRU32 D1",10,1,0.025732219219207764,0.13376492261886597,1000
0,1,5,25,"D32, GRU32, GRU32 D1",10,1,0.02867732010781765,0.02597038447856903,1000
0,1,5,25,"D32, GRU32, GRU32 D1",10,1,0.017053555697202682,0.040769077837467194,1000
0,1,5,25,"D32, GRU32, GRU32 D1",10,1,0.05078994110226631,0.09580135345458984,1000
0,1,5,25,"D32, GRU32, GRU32 D1",10,1,0.03250904753804207,0.018741775304079056,1000
0,1,5,25,"D32, GRU32, GRU32 D1",10,1,0.026509810239076614,0.041277073323726654,1000
0,1,5,25,"D32, GRU32, GRU32 D1",10,1,0.016032740473747253,0.019935546442866325,1000
0,1,5,25,"D32, GRU32, GRU32 D1",10,1,0.025330889970064163,0.07075652480125427,1000
0,1,5,23,"D32, GRU32, GRU32 D1",10,1,0.16217342019081116,0.4779406487941742,1000
0,1,5,23,"D32, GRU32, GRU32 D1",10,1,0.11182333528995514,0.4328536093235016,1000
0,1,5,25,"D32, GRU32, GRU32 D1",10,1,0.016416288912296295,0.008453650400042534,1000
0,1,5,15,"D32, GRU32, GRU32 D1",10,1,0.12092385441064835,0.5295872092247009,1000
0,1,5,25,"D32, GRU32, GRU32 D1",10,1,0.03702826425433159,0.07213879376649857,1000
0,1,5,25,"D32, GRU32, GRU32 D1",10,1,0.019442589953541756,0.019393760710954666,1000
0,1,5,25,"D32, GRU32, GRU32 D1",10,1,0.0215758103877306,0.03965562954545021,1000
0,1,5,23,"D32, GRU32, GRU32 D1",10,1,0.11670848727226257,0.3256523907184601,1000
0,1,5,25,"D32, GRU32, GRU32 D1",10,1,0.18314972519874573,0.24976053833961487,1000
0,1,5,25,"D32, GRU32, GRU32 D1",10,1,0.34846967458724976,0.25782445073127747,1000
0,1,5,25,"D32, GRU32, GRU32 D1",10,1,,,1000
0,1,5,25,"D32, GRU32, GRU32 D1",10,1,9218585264128.0,1.7192068099975586,1000
0,1,5,25,"D32, GRU32, GRU32 D1",20,1,,,1000
0,1,5,25,"D32, GRU32, GRU32 D1",20,1,0.3503662645816803,0.3205716013908386,1000
0,1,5,25,"D32, GRU32, GRU32 D1",20,1,0.062476009130477905,0.03201132267713547,1000
0,1,5,25,"D32, GRU32, GRU32 D1",20,1,0.0869588851928711,0.08035646378993988,1000
0,1,5,25,"D32, GRU32, GRU32 D1",20,1,1.340835452079773,1.3076415061950684,1000
0,1,5,25,"D32, GRU32, GRU32 D1",20,1,,,1000
0,1,5,25,"D32, GRU32, GRU32 D1",20,1,1.0156923532485962,8.557506561279297,1000
0,1,5,25,"D32, GRU32, GRU32 D1",20,1,0.0559636652469635,0.2954230308532715,1000
0,1,5,25,"D32, GRU32, GRU32 D1",20,1,0.03540581464767456,0.15821287035942078,1000
0,1,5,25,"D32, GRU32, GRU32 D1",20,1,0.013791653327643871,0.0938412994146347,1000
0,1,5,25,"D32, GRU32, GRU32 D1",20,1,0.04509606957435608,0.010442889295518398,1000
0,1,5,25,"D32, GRU32, GRU32 D1",20,1,0.023175066336989403,0.3100396692752838,1000
0,1,5,25,"D32, GRU32, GRU32 D1",20,1,0.025411101058125496,0.08697309345006943,1000
0,1,5,25,"D32, GRU32, GRU32 D1",20,1,0.18500757217407227,0.48976969718933105,1000
0,1,5,25,"D32, GRU32, GRU32 D1",20,1,0.046297863125801086,0.013537723571062088,1000
0,1,5,15,"D32, GRU32, GRU32 D1",20,1,0.04228898510336876,0.04621779918670654,1000
0,1,5,25,"D32, GRU32, GRU32 D1",20,1,0.02154926024377346,0.14088140428066254,1000
0,1,5,25,"D32, GRU32, GRU32 D1",20,1,0.033802635967731476,0.07597165554761887,1000
0,1,5,25,"D32, GRU32, GRU32 D1",20,1,0.01371421106159687,0.016720466315746307,1000
0,1,5,15,"D32, GRU32, GRU32 D1",10,1,0.14946387708187103,1.0968399047851562,1000
0,1,5,23,"D32, GRU32, GRU32 D1",10,1,0.14970090985298157,0.5120692849159241,1000
0,1,5,25,"D32, GRU32, GRU32 D1",20,1,0.003110889345407486,0.17219854891300201,1000
0,1,5,25,"D32, GRU32, GRU32 D1",20,1,0.004575288388878107,0.2695423662662506,1000
0,1,5,25,"D32, GRU32, GRU32 D1",20,1,0.003028040984645486,0.2178233116865158,1000
0,1,5,23,"D32, GRU32, GRU32 D1",20,1,0.10773401707410812,0.3735596239566803,1000
0,1,5,15,"D32, GRU32, GRU32 D1",20,1,0.0627078264951706,0.33206942677497864,1000
0,1,5,25,"D32, GRU32, GRU32 D1",20,1,0.02213129773736,0.41231584548950195,1000
0,1,5,23,"D32, GRU32, GRU32 D1",20,1,0.11428380757570267,0.34118589758872986,1000
0,1,5,25,"D32, GRU32, GRU32 D1",200,1,0.00897352583706379,0.168773353099823,1000
0,1,5,23,"D32, GRU32, GRU32 D1",200,1,0.013177480548620224,0.08847132325172424,1000
0,1,5,15,"D32, GRU32, GRU32 D1",200,1,0.006654578261077404,0.372664213180542,1000
0,1,5,15,"D32, GRU32, GRU32 D1",20,1,0.04553775489330292,0.6221127510070801,1000
0,1,5,15,"D32, GRU32, GRU32 D1",20,1,0.03556954115629196,0.46730875968933105,1000
0,1,5,25,"D32, GRU32, GRU32 D1",20,1,0.017657842487096786,0.2409805804491043,1000
0,1,5,15,"D32, GRU32, GRU32 D1",20,1,0.022406557574868202,0.37077900767326355,1000
0,1,5,25,"D32, GRU32, GRU32 D1",20,1,0.018867535516619682,0.5422899723052979,1000
0,1,5,23,"D32, GRU32, GRU32 D1",20,1,0.06747818738222122,0.13224320113658905,1000
0,1,5,23,"D32, GRU32, GRU32 D1",50,1,0.05358894169330597,0.1772022396326065,1000
0,1,5,15,"D32, GRU32, GRU32 D1",50,1,0.027589576318860054,0.21834225952625275,1000
0,1,5,15,"D32, GRU32, GRU32 D1",20,1,0.03020482137799263,0.3789469599723816,0.5783591
0,1,5,25,"D32, GRU32, GRU32 D1",20,1,0.013799676671624184,0.4875677525997162,2.181482
0,1,5,23,"D32, GRU32, GRU32 D1",50,1,0.04679746553301811,0.20574839413166046,1.557236
0,1,5,15,"D32, GRU32, GRU32 D1",20,1,0.013532528653740883,0.6615984439849854,0.74571985
0,1,5,25,"D32, GRU32, GRU32 D1",20,1,0.02664385735988617,0.5565716624259949,2.3382864
0,1,5,23,"D32, GRU32, GRU32 D1",50,1,0.05606619268655777,0.24027399718761444,2.1448808
0,1,5,15,"D32, GRU32, GRU32 D1",50,1,0.012842017225921154,0.3323524594306946,0.5174997
0,1,5,25,"D32, GRU32, GRU32 D1",50,1,0.0204568300396204,0.39906299114227295,2.1502051
0,5,5,15,"D32, GRU32, GRU32 D1",50,1,0.014818497002124786,2.807445526123047,1.6235791
0,5,5,25,"D32, GRU32, GRU32 D1",50,1,0.008514040149748325,0.3084735870361328,3.5393019
0,5,5,23,"D32, GRU32, GRU32 D1",50,1,0.04821833595633507,0.22052805125713348,1.9972572
0,5,5,15,"D32, GRU32, GRU32 D1",50,1,0.017131894826889038,2.400017738342285,1.392722
0,5,5,15,"D32, GRU32, GRU32 D1",50,1,0.01798156462609768,2.868213653564453,1.874426
0,5,5,25,"D32, GRU32, GRU32 D1",50,1,0.008347530849277973,0.14751799404621124,3.1917827
0,5,5,25,"D32, GRU32, GRU32 D1",50,1,0.013453272171318531,0.37846851348876953,2.7850752
0,5,5,23,"D32, GRU32, GRU32 D1",50,1,0.052779875695705414,0.2190723866224289,2.345051
0,5,5,23,"D32, GRU32, GRU32 D1",50,1,0.046062979847192764,0.08569154143333435,2.2765083
0,5,5,23,"D32, GRU32, GRU32 D1",50,1,0.05844744294881821,0.2633959650993347,2.2743
0,5,5,23,"D32, GRU32, GRU32 D1",50,1,0.04479193687438965,0.30750277638435364,2.1960588
0,5,5,15,"D32, GRU32, GRU32 D1",50,1,0.03008907102048397,2.4543230533599854,1.524392
0,5,5,15,"D32, GRU32, GRU32 D1",50,1,0.07554814219474792,2.917895793914795,0.85739726
0,5,5,15,"D32, GRU32, GRU32 D1",50,1,0.005529886111617088,2.8996543884277344,1.1047348
0,5,5,15,"D32, GRU32, GRU32 D1",50,1,0.03907645866274834,2.050518035888672,1.2397324
0,5,5,25,"D32, GRU32, GRU32 D1",50,1,0.012341653928160667,0.3197835385799408,2.8018515
0,5,5,23,"D32, GRU32, GRU32 D1",50,1,0.0664082020521164,0.2766721844673157,2.3156722
0,5,5,25,"D32, GRU32, GRU32 D1",50,1,0.005196831189095974,0.5707215070724487,2.6575978
0,5,5,25,"D32, GRU32, GRU32 D1",50,1,0.008490840904414654,0.66677325963974,2.6480818
0,5,5,25,"D32, GRU32, GRU32 D1",50,1,0.010567985475063324,0.6356667280197144,2.7437243
0,5,5,25,"D32, GRU32, GRU32 D1",50,1,0.01233236026018858,0.28887879848480225,3.254176
0,5,5,15,"D32, GRU32, GRU32 D1",50,1,0.019061585888266563,2.9059898853302,0.9664825
0,5,5,15,"D32, GRU32, GRU32 D1",50,1,0.021652361378073692,2.596433162689209,1.3322542
0,5,5,15,"D32, GRU32, GRU32 D1",50,1,0.0170757919549942,2.488351583480835,1.2259889
0,5,5,15,"D32, GRU32, GRU32 D1",2,1,0.8729950189590454,3.0340282917022705,1.012158
0,5,5,15,"D32, GRU32, GRU32 D1",2,1,0.830248236656189,3.4971697330474854,1.0275759
0,5,5,15,"D32, GRU32, GRU32 D1",50,1,0.08327482640743256,2.451366424560547,1.1588544
0,5,5,23,"D32, GRU32, GRU32 D1",50,1,0.060488246381282806,0.1252991110086441,2.4195762
0,5,5,25,"D32, GRU32, GRU32 D1",50,1,0.018501708284020424,0.5071305632591248,3.0110447
0,5,5,15,"D32, GRU32, GRU32 D1",50,1,0.027666974812746048,2.4344985485076904,1.2269927
0,5,5,23,"D32, GRU32, GRU32 D1",50,1,0.08257310837507248,0.11898302286863327,1.8727951
0,5,5,25,"D32, GRU32, GRU32 D1",50,1,0.013706868514418602,0.4102965295314789,3.2592778
0,5,5,25,"D32, GRU32, GRU32 D1",50,1,0.01679985597729683,0.38879314064979553,3.2719874
0,5,5,23,"D32, GRU32, GRU32 D1",50,1,0.047391295433044434,0.21683140099048615,2.119648
0,5,5,25,"D32, GRU32, GRU32 D1",50,1,0.012023083865642548,0.4557816982269287,2.7303152
0,5,5,23,"D32, GRU32, GRU32 D1",50,1,0.049529481679201126,0.4622207581996918,2.5799372
0,5,5,25,"D32, GRU32, GRU32 D1",50,1,0.006019236985594034,0.5293898582458496,2.789032
0,5,5,25,"D32, GRU32, GRU32 D1",50,1,0.01772475242614746,0.6799406409263611,2.608337
0,5,5,25,"D32, GRU32, GRU32 D1",50,1,0.014799483120441437,0.636277437210083,2.8154361
0,5,5,25,"D32, GRU32, GRU32 D1",50,1,0.01606724038720131,0.44428443908691406,2.885574
0,5,5,25,"D32, GRU32, GRU32 D1",10,1,0.04189775139093399,0.7668350338935852,2.6280718
0,5,5,25,"D32, GRU32, GRU32 D1",10,1,0.0655069425702095,0.3381284177303314,2.7397969
0,5,5,25,"D32, GRU32, GRU32 D1",10,1,0.11932957172393799,1.993051528930664,1.6920797
0,5,5,25,"D32, GRU32, GRU32 D1",10,1,0.06991062313318253,1.9899734258651733,1.8740131
0,5,5,25,"D32, GRU32, GRU32 D1",10,1,0.16709741950035095,2.6461570262908936,1.5479252
0,5,5,25,"D32, GRU32, GRU32 D1",10,1,0.019685784354805946,0.873135507106781,2.428822
0,5,5,25,"D32, GRU32, GRU32 D1",10,1,0.022398723289370537,0.4271242320537567,2.782244
0,5,5,25,"D32, GRU32, GRU32 D1",10,1,0.0067972950637340546,1.6422319412231445,1.9189101
0,5,5,25,"D32, GRU32, GRU32 D1",10,1,0.017620574682950974,1.671790599822998,2.1223385
0,5,5,25,"D32, GRU32, GRU32 D1",10,1,0.04790707305073738,0.6694501042366028,2.2452147
0,5,5,25,"D32, GRU32, GRU32 D1",10,1,0.020748160779476166,1.3779596090316772,2.184569
0,5,5,25,"D32, GRU32, GRU32 D1",10,1,0.018967997282743454,1.047402024269104,2.5529075
0,5,5,25,"D32, GRU32, GRU32 D1",10,1,0.017658758908510208,1.649309515953064,2.058334
0,5,5,25,"D32, GRU32, GRU32 D1",10,1,0.02041783556342125,0.14103995263576508,2.7929661
0,5,5,25,"D32, GRU32, GRU32 D1",10,1,0.013324473984539509,1.55928373336792,2.327484
0,5,5,25,"D32, GRU32, GRU32 D1",10,1,0.018175248056650162,1.4925651550292969,1.9383771
0,5,5,25,"D32, GRU32, GRU32 D1",10,1,0.014430785551667213,0.32597339153289795,2.9933743
0,5,5,25,"D32, GRU32, GRU32 D1",50,1,0.008619114756584167,0.33214616775512695,3.0904593
0,5,5,15,"D32, GRU32, GRU32 D1",50,1,0.010237421840429306,1.6066229343414307,0.8604634
0,5,5,15,"D32, GRU32, GRU32 D1",50,1,0.037046920508146286,2.4481148719787598,0.8907123
0,5,5,15,"D32, GRU32, GRU32 D1",50,1,0.242917001247406,1.9430420398712158,1.2196215
0,5,5,15,"D32, GRU32, GRU32 D1",50,1,0.01355671975761652,2.0051867961883545,0.87493795
0,5,5,15,"D32, GRU32, GRU32 D1",50,1,0.3684089183807373,2.83451771736145,0.9205148
0,5,5,15,"D32, GRU32, GRU32 D1",50,1,0.02037595584988594,1.4346189498901367,0.87232053
0,5,5,15,"D32, GRU32, GRU32 D1",10,1,0.5602164268493652,3.079157590866089,1.2003449
0,5,5,15,"D32, GRU32, GRU32 D1",20,1,0.22859826683998108,3.579836368560791,0.9489661
0,5,5,15,"D32, GRU32, GRU32 D1",20,1,0.026441343128681183,1.661672830581665,0.8265068
0,5,5,23,"D32, GRU32, GRU32 D1",20,1,0.03851824626326561,0.3098611533641815,2.2291958
0,5,5,15,"D32, GRU32, GRU32 D1",20,1,0.013576984405517578,1.2962316274642944,0.93844277
0,5,5,15,"D32, GRU32, GRU32 D1",20,1,0.4740391969680786,1.803684949874878,1.2652899
0,5,5,15,"D32, GRU32, GRU32 D1",20,1,0.36403658986091614,2.9871790409088135,0.74376035
0,5,5,15,"D32, GRU32, GRU32 D1",20,1,0.8209596872329712,3.2299857139587402,1.0031269
0,5,5,15,"D32, GRU32, GRU32 D1",20,1,0.25807425379753113,3.388150930404663,0.97591966
0,5,5,15,"D32, GRU32, GRU32 D1",20,1,0.06831543147563934,1.6947636604309082,0.8760908
0,5,5,15,"D32, GRU32, GRU32 D1",20,1,0.04994785413146019,2.107867479324341,0.7121648
0,5,5,15,"D32, GRU32, GRU32 D1",20,1,0.06732284277677536,2.127434730529785,0.6549623
0,5,5,25,"D32, GRU32, GRU32 D1",20,1,0.00870855338871479,0.23810012638568878,3.0318823
0,5,5,25,"D32, GRU32, GRU32 D1",20,1,0.011703052558004856,0.4830871820449829,2.36193
0,5,5,25,"D32, GRU32, GRU32 D1",50,1,0.006138485856354237,0.07387595623731613,3.5120485
0,5,5,23,"D32, GRU32, GRU32 D1",50,1,0.026542453095316887,0.15441660583019257,2.6153789
0,5,5,23,"D32, GRU32, GRU32 D1",50,1,0.01856897585093975,0.3088507354259491,2.2489028
0,5,5,23,"D32, GRU32, GRU32 D1",50,1,0.02465618960559368,1.5340877771377563,3.6516957
0,5,5,23,"D32, GRU32, GRU32 D1",50,1,0.028041796758770943,0.37811478972435,2.7820175
0,5,5,25,"D32, GRU32, GRU32 D1",50,1,0.004513533320277929,0.05693967267870903,3.0561006
0,5,5,15,"D32, GRU32, GRU32 D1",50,1,0.025156080722808838,2.8310840129852295,2.0751028
0,5,5,15,"D32, GRU32, GRU32 D1",50,1,0.012594973668456078,2.2533347606658936,0.7296883
0,5,5,25,"D32, GRU32, GRU32 D1",50,1,0.006461461074650288,0.07637208700180054,3.4221776
0,5,5,23,"D32, GRU32, GRU32 D1",50,1,0.01994204707443714,0.2091459482908249,1.965154
0,5,5,25,"D32, GRU32, GRU32 D1",50,1,0.0032970227766782045,0.3682573139667511,2.5317373
0,5,5,25,"D32, GRU32, GRU32 D1",50,1,0.01132312323898077,0.484454482793808,3.0150099
0,5,5,15,"D32, GRU32, GRU32 D1",50,1,2.3457356057576817e-09,2.3424878120422363,0.8280739
0,5,5,15,"D32, GRU32, GRU32 D1",10,1,0.01939992792904377,2.2026305198669434,0.92970586
0,5,5,15,"D32, GRU32, GRU32 D1",10,1,0.021871741861104965,2.402782440185547,1.2834471
0,5,5,15,"D32, GRU32, GRU32 D1",10,1,0.19598373770713806,1.8337156772613525,0.7824347
0,5,5,15,"D32, GRU32, GRU32 D1",10,1,0.7323898077011108,2.8847527503967285,0.98269063
0,5,5,15,"D32, GRU32, GRU32 D1",10,1,0.5364459753036499,3.2993409633636475,0.9050619
0,5,5,15,"D32, GRU32, GRU32 D1",10,1,0.12132331728935242,3.2213363647460938,0.5660261
0,5,5,15,"D32, GRU32, GRU32 D1",10,1,0.10341335088014603,2.970872163772583,0.7044369
0,5,5,15,"D32, GRU32, GRU32 D1",10,1,0.05233536288142204,1.9495460987091064,0.87097204
0,5,5,15,"D32, GRU32, GRU32 D1",10,1,0.017335692420601845,1.611339807510376,0.84964424
0,5,5,15,"D32, GRU32, GRU32 D1",10,1,0.08993442356586456,2.3124775886535645,0.85306895
0,5,5,15,"D32, GRU32, GRU32 D1",10,1,0.02746475115418434,2.0422749519348145,0.83858484
0,5,5,15,"D32, GRU32, GRU32 D1",10,1,0.07164037227630615,2.588191509246826,0.9249852
0,5,5,15,"D32, GRU32, GRU32 D1",10,1,0.2855551838874817,2.9333314895629883,0.91507167
0,5,5,15,"D32, GRU32, GRU32 D1",10,1,0.03380981460213661,2.5936505794525146,0.8519634
0,5,5,15,"D32, GRU32, GRU32 D1",10,1,0.19561176002025604,2.8960981369018555,0.9481568
0,5,5,15,"D32, GRU32, GRU32 D1",10,1,0.0682220384478569,2.671621322631836,0.7003931
0,5,5,15,"D32, GRU32, GRU32 D1",10,1,0.05466429889202118,2.611557722091675,0.8258202
0,5,5,15,"D32, GRU32, GRU32 D1",10,1,0.039172083139419556,2.8135716915130615,0.7291415
0,5,5,15,"D32, GRU32, GRU32 D1",10,1,0.0478239469230175,2.4810662269592285,0.6196774
0,5,10,15,"D32, GRU32, GRU32 D1",10,1,0.006505969446152449,2.0985686779022217,0.9111427
0,5,10,15,"D32, GRU32, GRU32 D1",10,1,0.380275160074234,1.5216028690338135,0.61584646
0,5,10,25,"D32, GRU32, GRU32 D1",50,1,0.007998434826731682,0.36632633209228516,2.614524
0,5,10,23,"D32, GRU32, GRU32 D1",50,1,0.027022218331694603,0.43382009863853455,3.6022089
0,5,10,23,"D32, GRU32, GRU32 D1",50,1,0.014366687275469303,0.2493756264448166,1.9039533
0,5,10,23,"D32, GRU32, GRU32 D1",50,1,0.038597848266363144,0.22274304926395416,1.6419563
0,5,10,23,"D32, GRU32, GRU32 D1",50,1,0.024353476241230965,0.7894096970558167,2.1101642
0,5,10,23,"D32, GRU32, GRU32 D1",50,1,0.011799839325249195,0.42155036330223083,2.2382886
0,5,10,23,"D32, GRU32, GRU32 D1",50,1,0.028914153575897217,0.8837783932685852,4.3180866
0,5,10,23,"D32, GRU32, GRU32 D1",50,1,0.041166700422763824,0.7713071703910828,2.263612
0,5,10,25,"D32, GRU32, GRU32 D1",50,1,0.009263250976800919,0.25633493065834045,3.0961466
0,5,10,25,"D32, GRU32, GRU32 D1",50,1,0.011271977797150612,0.5209507346153259,2.8485956
0,5,10,23,"D32, GRU32, GRU32 D1",50,1,0.030392993241548538,0.171721413731575,2.0918903
0,5,10,15,"D32, GRU32, GRU32 D1",10,1,0.17107459902763367,2.7284140586853027,0.90672076
0,5,10,15,"D32, GRU32, GRU32 D1",10,1,0.10580228269100189,2.317692279815674,0.8579894
0,5,10,15,"D32, GRU32, GRU32 D1",59,1,0.008614052087068558,2.290114402770996,1.384457
0,5,10,25,"D32, GRU32, GRU32 D1",50,1,0.007008139044046402,0.42482826113700867,2.9769974
0,5,10,23,"D32, GRU32, GRU32 D1",50,1,0.02511867694556713,0.3876705467700958,2.3974836
0,5,10,15,"D32, GRU32, GRU32 D1",50,1,0.016687724739313126,3.1448535919189453,1.7137656
0,5,10,25,"D32, GRU32, GRU32 D1",50,1,0.010783701203763485,0.5141738057136536,2.6558063
0,5,10,25,"D32, GRU32, GRU32 D1",50,1,0.006681475788354874,0.273084431886673,2.918283
0,5,10,15,"D32, GRU32, GRU32 D1",50,1,0.027057036757469177,2.3665659427642822,1.1772301
0,5,10,25,"D32, GRU32, GRU32 D1",50,1,0.007931459695100784,0.4373150169849396,2.7891934
0,5,10,23,"D32, GRU32, GRU32 D1",50,1,0.028931885957717896,0.4345903694629669,2.1263862
0,5,10,15,"D32, GRU32, GRU32 D1",50,1,0.011794595047831535,2.872800588607788,1.402937
0,5,10,25,"D32, GRU32, GRU32 D1",50,1,0.006640557199716568,0.36078938841819763,2.7880123
0,5,10,23,"D32, GRU32, GRU32 D1",50,1,0.028952114284038544,0.25403502583503723,2.1364143
0,5,10,15,"D32, GRU32, GRU32 D1",50,1,0.021848715841770172,2.4596941471099854,1.6287729
0,5,10,15,"D16, LSTM32, D4, D2",50,1,0.004796577151864767,2.4930853843688965,1.720807
0,5,10,25,"D16, LSTM32, D4, D2",50,1,0.010288834571838379,0.4395481050014496,2.7860548
0,5,10,25,"D16, LSTM32, D4, D2",50,1,0.00757324043661356,0.5701494812965393,2.9696562
0,5,10,23,"D16, LSTM32, D4, D2",50,1,0.043416108936071396,0.598094642162323,2.6603715
0,5,10,25,"D16, LSTM32, D4, D2",50,1,0.00812001433223486,0.3732722997665405,2.7353728
0,5,10,15,"D16, LSTM32, D4, D2",50,1,0.01088524516671896,2.6304125785827637,1.2387558
0,5,10,15,"D16, LSTM32, D4, D2",50,1,0.00703520467504859,2.3363888263702393,1.3146541
0,5,10,15,"D16, LSTM32, D4, D2",50,1,0.012430433183908463,2.0932369232177734,1.5314914
0,5,10,15,"D16, LSTM32, D4, D2",50,1,0.007601332850754261,2.700399160385132,1.3955909
0,5,10,15,"D16, LSTM32, D4, D2",50,1,0.013832534663379192,1.9621754884719849,1.665433
0,5,10,15,"D16, LSTM32, D4, D2",50,1,0.010367535054683685,2.442504405975342,1.4385486
0,5,10,15,"D16, LSTM32, D4, D2",50,1,0.0036573181860148907,2.3567676544189453,1.5256743
0,5,10,26,"D16, LSTM32, D4, D2",50,1,0.00863345805555582,0.46041592955589294,2.8194401
0,5,10,23,"D16, LSTM32, D4, D2",50,1,0.03413492813706398,0.2307547777891159,2.2428164
0,5,10,23,"D16, LSTM32, D4, D2",50,1,0.04109371826052666,0.28036078810691833,2.272374
0,5,10,23,"D16, LSTM32, D4, D2",50,1,0.031144900247454643,0.31278082728385925,2.2156081
0,5,10,23,"D16, LSTM32, D4, D2",50,1,0.04062307998538017,0.20650525391101837,2.2866135
0,5,10,23,"D16, LSTM32, D4, D2",50,1,0.035189542919397354,0.2303522229194641,2.1797693
0,5,10,23,"D16, LSTM32, D4, D2",50,1,0.03573821857571602,0.1314474493265152,2.1698492
0,5,10,23,"D16, LSTM32, D4, D2",50,1,0.037195418030023575,0.3272952139377594,2.357942
0,5,10,23,"D16, LSTM32, D4, D2",50,1,0.041114162653684616,0.27628040313720703,2.2310562
0,5,10,23,"D16, LSTM32, D4, D2",50,1,0.03647270426154137,0.19706356525421143,2.243073
0,5,10,23,"D16, LSTM32, D4, D2",50,1,0.0382581502199173,0.4657140076160431,2.4019897
0,5,10,23,"D16, LSTM32, D4, D2",5,1,0.23960718512535095,0.35780325531959534,1.6954626
0,5,10,23,"D16, LSTM32, D4, D2",50,1,0.04994206130504608,0.296554833650589,2.0430596
0,5,10,23,"D16, LSTM32, D4, D2",50,1,0.10177547484636307,0.30302074551582336,1.668791
0,5,10,23,"D16, LSTM32, D4, D2",50,1,0.11689966171979904,0.31928834319114685,1.8408483
0,5,10,23,"D16, LSTM32, D4, D2",50,1,0.11275234818458557,0.42090198397636414,1.506651
0,5,10,23,"D16, LSTM32, D4, D2",50,1,0.18557840585708618,0.49203285574913025,1.5735861
0,5,10,23,"D16, LSTM32, D4, D2",50,1,0.05594247207045555,0.13911978900432587,1.9505814
0,5,10,23,"D16, LSTM32, D4, D2",50,1,0.047871049493551254,0.18402476608753204,1.8524061
0,5,10,23,"D16, LSTM32, D4, D2",50,1,0.123002789914608,0.05065528675913811,1.7279043
0,5,10,23,"D16, LSTM32, D4, D2",50,1,0.06068992242217064,0.35535433888435364,2.0693953
0,5,10,23,"D16, LSTM32, D4, D2",50,1,0.27207091450691223,0.5112413763999939,1.7343208
0,5,10,23,"D16, LSTM32, D4, D2",50,1,0.08250297605991364,0.30418527126312256,1.9608719
0,5,10,23,"D16, LSTM32, D4, D2",50,1,0.06506384909152985,0.2019982486963272,1.6687663
0,5,10,23,"D16, LSTM32, D4, D2",100,1,0.046588364988565445,0.11103793233633041,1.9293905
0,5,10,23,"D16, LSTM32, D4, D2",60,1,0.05619606748223305,0.22562198340892792,1.8241166
0,5,10,23,"D16, LSTM32, D4, D2",50,1,0.0492672361433506,0.30577778816223145,1.9784163
0,5,10,23,"D16, LSTM32, D4, D2",100,1,0.05043220892548561,0.19885146617889404,2.0880454
0,5,10,23,"D16, LSTM32, D4, D2",10,1,0.3442339599132538,0.3529738485813141,1.3713725
0,5,10,23,"D16, LSTM32, D4, D2",10,1,0.36557701230049133,0.45869144797325134,1.3679975
0,5,10,23,"D16, LSTM32, D4, D2",100,1,0.055994413793087006,0.35423341393470764,2.0398073
0,5,10,23,"D16, LSTM32, D4, D2",100,1,0.0398939847946167,0.223696768283844,2.023009
0,5,10,26,"D16, LSTM32, D4, D2",100,1,0.013131743296980858,0.5305728316307068,2.7330148
0,5,10,15,"D16, LSTM32, D4, D2",100,1,0.021810535341501236,3.3065109252929688,1.2289459
0,5,10,15,"D16, LSTM32, D4, D2",100,1,0.01922413893043995,2.8468942642211914,1.1746835
0,5,10,26,"D16, LSTM32, D4, D2",100,1,0.007332725916057825,0.5552113652229309,2.7149184
0,5,10,23,"D16, LSTM32, D4, D2",100,1,0.039708204567432404,0.21944046020507812,2.0169618
0,5,10,15,"D16, LSTM32, D4, D2",100,1,0.02006002701818943,3.172529697418213,1.3239807
0,5,10,23,"D16, LSTM32, D4, D2",100,1,0.031438495963811874,0.17378807067871094,2.1126678
0,5,10,23,"D16, LSTM32, D4, D2",100,1,0.04972026124596596,0.6661754846572876,1.7666346
0,5,10,23,"D16, LSTM32, D4, D2",100,1,0.03917770832777023,0.250722736120224,1.9523672
0,5,10,23,"D16, LSTM32, D4, D2",100,1,0.026863401755690575,0.20630116760730743,2.083038
0,5,10,23,"D16, LSTM32, D4, D2",50,1,0.08080843836069107,0.34678706526756287,1.7856636
0,5,10,23,"D16, LSTM32, D4, D2",100,1,0.05189155042171478,0.4336521625518799,2.0914092
0,5,1,23,"D16, LSTM32, D4, D2",100,1,0.07386111468076706,0.16654279828071594,1.8826773
0,5,5,23,"D16, LSTM32, D4, D2",100,1,0.03071732632815838,0.21180041134357452,2.1229122
0,5,10,23,"D16, LSTM32, D4, D2",100,1,0.0432589091360569,0.16520364582538605,2.0834045
0,10,10,23,"D16, LSTM32, D4, D2",100,1,0.06402966380119324,6.542337417602539,2.4140189
0,2,10,23,"D16, LSTM32, D4, D2",100,1,0.08243488520383835,0.40963220596313477,1.3084544
0,5,10,23,"D16, LSTM32, D4, D2",100,1,0.030611462891101837,0.19855602085590363,2.0748572
0,10,10,23,"D16, LSTM32, D4, D2",100,1,0.06707340478897095,5.600950717926025,2.2096066
0,7,10,23,"D16, LSTM32, D4, D2",100,1,0.09461285918951035,1.1099679470062256,1.8462211
0,7,10,15,"D16, LSTM32, D4, D2",100,1,0.00909004919230938,0.4148978292942047,1.2889167
0,7,10,15,"D16, LSTM32, D4, D2",100,1,0.008924911729991436,1.4689724445343018,1.2109603
0,1,10,15,"D16, LSTM32, D4, D2",100,1,0.00781403947621584,0.19552692770957947,1.7345845
0,5,10,15,"D16, LSTM32, D4, D2",100,1,0.014130602590739727,1.1205389499664307,1.2318425
0,5,10,15,"D16, LSTM32, D4, D2",100,1,0.06008050963282585,1.8928214311599731,0.9070718
0,5,10,15,"D16, LSTM32, D4, D2",100,1,0.035915929824113846,2.269106149673462,1.1133612
0,5,10,26,"D16, LSTM32, D4, D2",100,1,0.009485861286520958,0.8786147236824036,2.4118352
0,5,10,23,"D16, LSTM32, D4, D2",100,1,0.03009498119354248,0.1255054920911789,2.1550205
0,5,10,23,"D16, LSTM32, D4, D2",100,1,0.04542198032140732,0.39446935057640076,1.9573313
0,1,10,23,"D16, LSTM32, D4, D2",100,1,0.03055281564593315,0.17541392147541046,1.5470539
